movieId,title,reason
4954,Ocean's Eleven (a.k.a. Ocean's 11),no_search_results
4961,Pornstar: The Legend of Ron Jeremy,no_search_results
5028,What Time Is It There? (Ni neibian jidian),no_search_results
5060,M*A*S*H (a.k.a. MASH),no_search_results
5068,Beijing Bicycle (Shiqi sui de dan che),no_search_results
5165,Zombie (a.k.a. Zombie 2: The Dead Are Among Us) (Zombi 2),no_search_results
5209,Ffolkes,no_search_results
5304,"Rome, Open City (a.k.a. Open City) (Roma, città aperta)",no_search_results
5325,Dogtown and Z-Boyz,no_search_results
5333,Bob le Flambeur,no_search_results
5391,Thirteen Conversations About One Thing (a.k.a. 13 Conversations),no_search_results
5459,Men in Black II (a.k.a. MIIB) (a.k.a. MIB 2),no_search_results
5497,Our Man Flint,no_search_results
5532,Amy's O (a.k.a. Amy's Orgasm),no_search_results
5556,FearDotCom (a.k.a. Fear.com) (a.k.a. Fear Dot Com),no_search_results
5614,"His Secret Life (a.k.a. Ignorant Fairies, The) (Fate ignoranti, Le)",no_search_results
5672,Pokemon 4 Ever (a.k.a. Pokémon 4: The Movie),no_search_results
5704,Without Warning (a.k.a. Alien Warning) (a.k.a. It Came Without Warning),no_search_results
5710,Banana Joe,no_search_results
5720,"Friend Is a Treasure, A (Chi Trova Un Amico, Trova un Tesoro) (Who Finds a Friend Finds a Treasure)",no_search_results
5779,Piranha II: The Spawning,no_search_results
5889,"Cruel Romance, A (Zhestokij Romans)",no_search_results
5909,Visitor Q (Bizita Q),no_search_results
5915,Victory (a.k.a. Escape to Victory),no_search_results
6009,"City of Lost Souls, The (Hyôryuu-gai)",no_search_results
6025,CB4 - The Movie,no_search_results
6095,Dragon Lord (a.k.a. Dragon Strike) (Long Xiao Ye),no_search_results
6141,They Call Me Bruce? (a.k.a. A Fistful of Chopsticks),no_search_results
6237,"Glenn Miller Story, The",no_search_results
6295,Chasing Papi (a.k.a. Papi Chulo),no_search_results
6382,Together (Han ni Zai Yiki),no_search_results
6395,"Crazies, The (a.k.a. Code Name: Trixie)",no_search_results
6514,Ring of Terror,no_search_results
6541,"League of Extraordinary Gentlemen, The (a.k.a. LXG)",no_search_results
6598,Step Into Liquid,no_search_results
6692,Stoked: The Rise and Fall of Gator,no_search_results
6723,Once Upon a Time in China III (Wong Fei-hung tsi sam: Siwong tsangba),no_search_results
6803,Phenomena (a.k.a. Creepers),no_search_results
6882,Returner (Ritaanaa),no_search_results
6935,"Revolution Will Not Be Televised, The (a.k.a. Chavez: Inside the Coup)",no_search_results
7033,"Secret of My Succe$s, The (a.k.a. The Secret of My Success)",no_search_results
7069,"Macbeth (a.k.a. Tragedy of Macbeth, The)",no_search_results
7176,Crimson Gold (Talaye sorgh),no_search_results
7222,Reefer Madness (a.k.a. Tell Your Children),no_search_results
7248,"Suriyothai (a.k.a. Legend of Suriyothai, The)",no_search_results
7266,"Lost Skeleton of Cadavra, The",no_search_results
7396,Scenes From a Marriage (Scener ur ett äktenskap),no_search_results
7486,Happy Together (a.k.a. Buenos Aires Affair) (Chun gwong cha sit),no_search_results
7646,Rose Red,no_search_results
7650,"Witchfinder General (Conquerer Worm, The)",no_search_results
7745,"Scent of Green Papaya, The (Mùi du du xhan - L'odeur de la papaye verte)",no_search_results
7749,Weekend (a.k.a. Le Week-end) (Week End),no_search_results
7762,"Tinker, Tailor, Soldier, Spy",no_search_results
7781,Twister,no_search_results
7841,Children of Dune,no_search_results
7899,Master of the Flying Guillotine (Du bi quan wang da po xue di zi),no_search_results
8157,Jin Roh: The Wolf Brigade (Jin-Rô),no_search_results
8228,"Maltese Falcon, The (a.k.a. Dangerous Female)",no_search_results
8426,Robot Carnival (Roboto kânibauru),no_search_results
8575,"Happenstance (Battement d'ailes du papillon, Le)",no_search_results
8848,"Vitelloni, I (a.k.a. The Young and the Passionate)",no_search_results
26003,Night and Fog (Nuit et brouillard),no_search_results
26171,Play Time (a.k.a. Playtime),no_search_results
26236,"White Sun of the Desert, The (Beloe solntse pustyni)",no_search_results
26453,Smiley's People,no_search_results
26510,"Ewok Adventure, The (a.k.a. Caravan of Courage: An Ewok Adventure)",no_search_results
26578,"Sacrifice, The (Offret - Sacraficatio)",no_search_results
26587,"Decalogue, The (Dekalog)",no_search_results
26606,"Chinese Ghost Story, A (Sinnui yauwan)",no_search_results
26614,"Bourne Identity, The",no_search_results
26649,Lonesome Dove,no_search_results
26713,Days of Being Wild (A Fei jingjyuhn),no_search_results
26761,Prime Suspect 2,no_search_results
26840,Sonatine (Sonachine),no_search_results
27002,From the Earth to the Moon,no_search_results
27032,Who Am I? (Wo shi shei),no_search_results
27251,"10th Kingdom, The",no_search_results
27426,"Accidental Spy, The (Dak miu mai shing)",no_search_results
27604,Suicide Club (Jisatsu saakuru),no_search_results
27611,Battlestar Galactica,no_search_results
27708,Helen of Troy,no_search_results
27728,Ghost in the Shell 2: Innocence (a.k.a. Innocence) (Inosensu),no_search_results
27751,'Salem's Lot,no_search_results
27899,What the #$*! Do We Know!? (a.k.a. What the Bleep Do We Know!?),no_search_results
31878,Kung Fu Hustle (Gong fu),no_search_results
32179,Elevator to the Gallows (a.k.a. Frantic) (Ascenseur pour l'échafaud),no_search_results
32456,"Pom Poko (a.k.a. Raccoon War, The) (Heisei tanuki gassen pompoko)",no_search_results
32892,Ivan's Childhood (a.k.a. My Name is Ivan) (Ivanovo detstvo),no_search_results
33310,"Common Thread, A (a.k.a. Sequins) (Brodeuses)",no_search_results
36276,Hidden (a.k.a. Cache) (Caché),no_search_results
36533,Cry_Wolf (a.k.a. Cry Wolf),no_search_results
37731,Green Street Hooligans (a.k.a. Hooligans),no_search_results
37830,Final Fantasy VII: Advent Children,no_search_results
42946,Project A ('A' gai waak),no_search_results
43708,Block Party (a.k.a. Dave Chappelle's Block Party),no_search_results
45183,"Protector, The (a.k.a. Warrior King) (Tom yum goong)",no_search_results
48214,Land of Plenty (Angst and Alienation in America),no_search_results
49265,Shooting Dogs (a.k.a. Beyond the Gates),no_search_results
49917,When the Levees Broke: A Requiem in Four Acts,no_search_results
53355,Sun Alley (Sonnenallee),no_search_results
53453,Starcrash (a.k.a. Star Crash),no_search_results
53883,"Power of Nightmares, The: The Rise of the Politics of Fear",no_search_results
57772,World on a Wire (Welt am Draht),no_search_results
60128,Young People Fucking (a.k.a. YPF),no_search_results
60333,Encounters at the End of the World,no_search_results
61257,I.O.U.S.A. (a.k.a. IOUSA),no_search_results
61406,John Adams,no_search_results
62336,FLCL,no_search_results
63433,Farscape: The Peacekeeper Wars,no_search_results
64695,Sword of the Stranger (Sutorejia: Mukô hadan),no_search_results
65359,Earthsea (Legend of Earthsea),no_search_results
66544,Nuremberg,no_search_results
68959,Fullmetal Alchemist the Movie: Conqueror of Shamballa (Gekijô-ban hagane no renkinjutsushi: Shanbara wo yuku mono),no_search_results
69224,Marius and Jeanette (Marius et Jeannette),no_search_results
69453,"Land That Time Forgot, The",no_search_results
69524,Raiders of the Lost Ark: The Adaptation,no_search_results
69953,9to5: Days in Porn (a.k.a. 9 to 5: Days in Porn),no_search_results
70521,Lost in Austen,no_search_results
70637,I Can't Think Straight,no_search_results
71341,Blood Creek (a.k.a. Town Creek),no_search_results
73290,Hachiko: A Dog's Story (a.k.a. Hachi: A Dog's Tale),no_search_results
73569,Project A 2 ('A' gai wak juk jap),no_search_results
74226,"Dream of Light (a.k.a. Quince Tree Sun, The) (Sol del membrillo, El)",no_search_results
74282,Anne of Green Gables: The Sequel (a.k.a. Anne of Avonlea),no_search_results
74727,Gentlemen of Fortune (Dzhentlmeny udachi),no_search_results
77177,Wild China,no_search_results
78626,Barking Dogs Never Bite (Flandersui gae),no_search_results
78637,Shrek Forever After (a.k.a. Shrek: The Final Chapter),no_search_results
79299,"No. 1 Ladies' Detective Agency, The",no_search_results
79501,Deadly Outlaw: Rekka (a.k.a. Violent Fire) (Jitsuroku Andô Noboru kyôdô-den: Rekka),no_search_results
85179,Summer Wars (Samâ wôzu),no_search_results
86068,Films to Keep You Awake: The Christmas Tale (Películas para no dormir: Cuento de navidad),no_search_results
86487,Mildred Pierce,no_search_results
88593,"Yellow Sea, The (a.k.a. The Murderer) (Hwanghae)",no_search_results
88697,SUBWAYStories: Tales from the Underground,no_search_results
90245,Antonio Gaudí,no_search_results
91353,Asterix in America (a.k.a Asterix Conquers America) (Astérix et les Indiens),no_search_results
92243,"Flowers of War, The (Jin líng shí san chai)",no_search_results
92475,All Watched Over by Machines of Loving Grace,no_search_results
93006,"Very Potter Musical, A",no_search_results
93008,"Very Potter Sequel, A",no_search_results
93040,"Civil War, The",no_search_results
93988,North & South,no_search_results
94777,Men in Black III (M.III.B.) (M.I.B.³),no_search_results
95147,Dragon Ball: Sleeping Princess in Devil's Castle (Doragon bôru: Majinjô no nemuri hime),no_search_results
95165,Dragon Ball Z the Movie: The World's Strongest (a.k.a. Dragon Ball Z: The Strongest Guy in The World) (Doragon bôru Z: Kono yo de ichiban tsuyoi yatsu),no_search_results
95182,Dragon Ball Z the Movie: The Tree of Might (Doragon bôru Z 3: Chikyû marugoto chô kessen),no_search_results
95499,Dragon Ball Z: Broly - The Legendary Super Saiyan (Doragon bôru Z 8: Moetsukiro!! Nessen retsusen-chô gekisen),no_search_results
95717,Treasure Island,no_search_results
95738,"Adventures of Mary-Kate and Ashley, The: The Case of the Christmas Caper",no_search_results
95796,Anaconda: The Offspring,no_search_results
96004,Dragon Ball Z: The History of Trunks (Doragon bôru Z: Zetsubô e no hankô!! Nokosareta chô senshi - Gohan to Torankusu),no_search_results
96448,Piranha 3DD (a.k.a. Piranha DD),no_search_results
96471,Prime Suspect 3,no_search_results
96518,Prime Suspect 6: The Last Witness,no_search_results
96520,Prime Suspect: The Lost Child,no_search_results
97870,"Sessions, The (Surrogate, The)",no_search_results
98503,Half a Loaf of Kung Fu (Dian zhi gong fu gan chian chan),no_search_results
99532,"Misérables, Les",no_search_results
100044,Human Planet,no_search_results
100194,Jim Jefferies: Fully Functional (EPIX),no_search_results
100553,Frozen Planet,no_search_results
100882,Journey to the West: Conquering the Demons (Daai wa sai you chi Chui mo chun kei),no_search_results
101423,Mezzo Forte,no_search_results
102852,With Great Power: The Stan Lee Story,no_search_results
105250,"Century of the Self, The",no_search_results
107410,Guest from the Future (Gostya iz buduschego),no_search_results
107412,"Kidnapping, Caucasian Style (Kavkazskaya plennitsa)",no_search_results
107449,"Muppet Christmas: Letters to Santa, A",no_search_results
108192,Hotel Chevalier (Part 1 of 'The Darjeeling Limited'),no_search_results
110330,Me and you (io e te),no_search_results
110541,"Brain Smasher... A Love Story (Bouncer and the Lady, The)",no_search_results
118166,Courier,no_search_results
122926,Untitled Spider-Man Reboot,no_search_results
127180,"Story of Film: An Odyssey, The",no_search_results
128900,The Natural Love,no_search_results
130576,Midnight Special,no_search_results
131724,The Jinx: The Life and Deaths of Robert Durst,no_search_results
132462,Sword of Vengeance,no_search_results
133716,Bootleggers,no_search_results
134019,The Monkey King,no_search_results
136540,The FP,no_search_results
137517,Carnival Magic,no_search_results
137859,Dragon Ball Z Gaiden: The Plot to Destroy the Saiyans,no_search_results
138546,The Opposite Sex,no_search_results
138835,Return to Treasure Island,no_search_results
139717,10 Cent Pistol,no_search_results
140737,The Lost Room,no_search_results
141816,12 Chairs,no_search_results
141820,Old Men: Robbers,no_search_results
142444,The Editor,no_search_results
142602,"F*ck You, Goethe 2",no_search_results
143255,Narcopolis,no_search_results
146210,Blue Mountain State: The Rise of Thadland,no_search_results
147300,Adventures Of Sherlock Holmes And Dr. Watson: The Twentieth Century Approaches,no_search_results
147328,The Adventures of Sherlock Holmes and Dr. Watson: Bloody Signature,no_search_results
147330,Sherlock Holmes and Dr. Watson: Acquaintance,no_search_results
147384,Doctor Who: The Runaway Bride,no_search_results
148675,North Pole: Open For Christmas,no_search_results
159069,Comedy of the Strict Regime,no_search_results
162982,Steins;Gate the Movie: The Burden of Déjà vu,no_search_results
163386,Winnie the Pooh and the Day of Concern,no_search_results
171011,Planet Earth II,no_search_results
171749,Death Note: Desu nôto (2006–2007),no_search_results
171917,Mystère à la Tour Eiffel,no_search_results
172591,The Godfather Trilogy: 1972-1990,no_search_results
172637,Priklyucheniya Kapitana Vrungelya,no_search_results
173307,The Gracefield Incident,no_search_results
173355,Travels of an Ant,no_search_results
174053,Black Mirror: White Christmas,no_search_results
174403,The Putin Interviews,no_search_results
175435,The Magic Ring,no_search_results
175693,Rick and Morty: State of Georgia Vs. Denver Fenton Allen,no_search_results
176329,Ari Shaffir: Double Negative,no_search_results
179135,Blue Planet II,no_search_results
180263,The Shining,no_search_results
181413,Too Funny to Fail: The Life and Death of The Dana Carvey Show,no_search_results
184257,Making a Murderer,no_search_results
184641,Fullmetal Alchemist 2018,no_search_results
185135,Sherlock - A Study in Pink,no_search_results
