movieId,original_title,clean_title,year,tmdb_id,tmdb_title,overview,genres_tmdb,runtime,vote_average,vote_count,popularity,release_date,budget,revenue,cast,directors,producers
1,Toy Story (1995),Toy Story,1995,862,Toy Story,"Led by Woody, Andy's toys live happily in his room until Andy's birthday brings Buzz Lightyear onto the scene. Afraid of losing his place in Andy's heart, Woody plots against Buzz. But when circumstances separate Buzz and Woody from their owner, the duo eventually learns to put aside their differences.","['Animation', 'Adventure', 'Family', 'Comedy']",81,7.97,18989,19.3813,1995-11-22,30000000,394436586,"['Tom Hanks', 'Tim Allen', 'Don Rickles', 'Jim Varney', 'Wallace Shawn', 'John Ratzenberger', 'Annie Potts', 'John Morris', 'Erik von Detten', 'Laurie Metcalf']",['John Lasseter'],"['Bonnie Arnold', 'Ralph Guggenheim']"
2,Jumanji (1995),Jumanji,1995,8844,Jumanji,"When siblings Judy and Peter discover an enchanted board game that opens the door to a magical world, they unwittingly invite Alan -- an adult who's been trapped inside the game for 26 years -- into their living room. Alan's only hope for freedom is to finish the game, which proves risky as all three find themselves running from giant rhinoceroses, evil monkeys and other terrifying creatures.","['Adventure', 'Fantasy', 'Family']",104,7.24,10836,2.743,1995-12-15,65000000,262821940,"['Robin Williams', 'Kirsten Dunst', 'Bradley Pierce', 'Bonnie Hunt', 'Jonathan Hyde', 'Bebe Neuwirth', 'David Alan Grier', 'Adam Hann-Byrd', 'Patricia Clarkson', 'Laura Bell Bundy']",['Joe Johnston'],"['William Teitler', 'Scott Kroopf']"
3,Grumpier Old Men (1995),Grumpier Old Men,1995,15602,Grumpier Old Men,"A family wedding reignites the ancient feud between next-door neighbors and fishing buddies John and Max. Meanwhile, a sultry Italian divorcée opens a restaurant at the local bait shop, alarming the locals who worry she'll scare the fish away. But she's less interested in seafood than she is in cooking up a hot time with Max.","['Romance', 'Comedy']",101,6.464,401,1.1205,1995-12-22,25000000,71500000,"['Walter Matthau', 'Jack Lemmon', 'Ann-Margret', 'Sophia Loren', 'Daryl Hannah', 'Burgess Meredith', 'Kevin Pollak', 'Katie Sagona', 'Ann Morgan Guilbert', 'James Andelin']",['Howard Deutch'],"['Richard C. Berman', 'John Davis']"
4,Waiting to Exhale (1995),Waiting to Exhale,1995,31357,Waiting to Exhale,"Cheated on, mistreated and stepped on, the women are holding their breath, waiting for the elusive ""good man"" to break a string of less-than-stellar lovers. Friends and confidants Vannah, Bernie, Glo and Robin talk it all out, determined to find a better way to breathe.","['Comedy', 'Drama', 'Romance']",127,6.3,173,1.0429,1995-12-22,16000000,81452156,"['Whitney Houston', 'Angela Bassett', 'Loretta Devine', 'Lela Rochon', 'Gregory Hines', 'Dennis Haysbert', 'Mykelti Williamson', 'Michael Beach', 'Leon', 'Wendell Pierce']",['Forest Whitaker'],"['Ezra Swerdlow', 'Deborah Schindler']"
5,Father of the Bride Part II (1995),Father of the Bride Part II,1995,11862,Father of the Bride Part II,"Just when George Banks has recovered from his daughter's wedding, he receives the news that she's pregnant ... and that George's wife is expecting too. He was planning on selling their home, but that's a plan that—like George—will have to change with the arrival of both a grandchild and a kid of his own.","['Comedy', 'Family']",106,6.247,758,1.5026,1995-12-08,0,76594107,"['Steve Martin', 'Diane Keaton', 'Martin Short', 'Kimberly Williams-Paisley', 'George Newbern', 'Kieran Culkin', 'BD Wong', 'Peter Michael Goetz', 'Kate McGregor-Stewart', 'Jane Adams']",['Charles Shyer'],['Nancy Meyers']
6,Heat (1995),Heat,1995,949,Heat,Obsessive master thief Neil McCauley leads a top-notch crew on various daring heists throughout Los Angeles while determined detective Vincent Hanna pursues him without rest. Each man recognizes and respects the ability and the dedication of the other even though they are aware their cat-and-mouse game may end in violence.,"['Crime', 'Drama', 'Action']",170,7.92,7714,12.3194,1995-12-15,60000000,187400000,"['Al Pacino', 'Robert De Niro', 'Val Kilmer', 'Jon Voight', 'Tom Sizemore', 'Diane Venora', 'Amy Brenneman', 'Ashley Judd', 'Mykelti Williamson', 'Wes Studi']",['Michael Mann'],"['Michael Mann', 'Art Linson']"
7,Sabrina (1995),Sabrina,1995,11860,Sabrina,"Sabrina Fairchild, a chauffeur's daughter, grew up at the Long Island estate of the wealthy Larrabee family enchanted with their sparkling world of privilege and wealth, but she's especially enamored of younger son David, a charming playboy. After the once plain Sabrina returns from a sojourn in Paris transformed into a glamorous young woman, she at long last catches David's eye. In a calculated effort to manipulate David away from her and into a more financially advantageous marriage, formidable older brother Linus devises a plan to keep them apart.","['Romance', 'Drama', 'Comedy']",127,6.213,647,2.0092,1995-12-15,58000000,53672080,"['Harrison Ford', 'Julia Ormond', 'Greg Kinnear', 'Nancy Marchand', 'John Wood', 'Richard Crenna', 'Angie Dickinson', 'Lauren Holly', 'Dana Ivey', 'Miriam Colon']",['Sydney Pollack'],"['Sydney Pollack', 'Scott Rudin']"
8,Tom and Huck (1995),Tom and Huck,1995,45325,Tom and Huck,"A mischievous young boy, Tom Sawyer, witnesses a murder by the deadly Injun Joe. Tom becomes friends with Huckleberry Finn, a boy with no future and no family. Tom has to choose between honoring a friendship or honoring an oath because the town alcoholic is accused of the murder. Tom and Huck go through several adventures trying to retrieve evidence.","['Family', 'Action', 'Adventure', 'Drama']",97,5.3,198,0.8303,1995-12-22,0,23920048,"['Jonathan Taylor Thomas', 'Brad Renfro', 'Eric Schweig', 'Charles Rocket', 'Amy Wright', 'Michael McShane', 'Marian Seldes', 'Rachael Leigh Cook', 'Lanny Flaherty', 'Courtland Mead']",['Peter Hewitt'],"['Laurence Mark', 'John Baldecchi']"
9,Sudden Death (1995),Sudden Death,1995,9091,Sudden Death,When a man's daughter is suddenly taken during a championship hockey game – with the captors demanding a billion dollars by game's end – he frantically sets a plan in motion to rescue her and abort an impending explosion before the final buzzer.,"['Action', 'Drama', 'Thriller', 'Crime']",110,6.0,752,1.2152,1995-10-27,35000000,64350171,"['Jean-Claude Van Damme', 'Powers Boothe', 'Raymond J. Barry', 'Whittni Wright', 'Ross Malinger', 'Dorian Harewood', 'Kate McNeil', 'Michael Gaston', 'Audra Lindley', 'Brian Delate']",['Peter Hyams'],"['Moshe Diamant', 'Howard Baldwin']"
10,GoldenEye (1995),GoldenEye,1995,710,GoldenEye,"When a powerful satellite system falls into the hands of Alec Trevelyan, AKA Agent 006, a former ally-turned-enemy, only James Bond can save the world from a dangerous space weapon that -- in one short pulse -- could destroy the earth! As Bond squares off against his former compatriot, he also battles Xenia Onatopp, an assassin who uses pleasure as her ultimate weapon.","['Adventure', 'Action', 'Thriller']",130,6.892,4054,5.0165,1995-11-16,60000000,352194034,"['Pierce Brosnan', 'Sean Bean', 'Izabella Scorupco', 'Famke Janssen', 'Joe Don Baker', 'Judi Dench', 'Robbie Coltrane', 'Tchéky Karyo', 'Gottfried John', 'Alan Cumming']",['Martin Campbell'],"['Michael G. Wilson', 'Anthony Waye', 'Barbara Broccoli']"
11,"American President, The (1995)","American President, The",1995,9087,The American President,"Widowed U.S. president Andrew Shepherd, one of the world's most powerful men, can have anything he wants -- and what he covets most is Sydney Ellen Wade, a Washington lobbyist. But Shepherd's attempts at courting her spark wild rumors and decimate his approval ratings.","['Comedy', 'Drama', 'Romance']",113,6.533,741,1.6947,1995-11-17,62000000,107879496,"['Michael Douglas', 'Annette Bening', 'Martin Sheen', 'Michael J. Fox', 'Anna Deavere Smith', 'Samantha Mathis', 'Shawna Waldron', 'David Paymer', 'Anne Haney', 'Richard Dreyfuss']",['Rob Reiner'],['Rob Reiner']
12,Dracula: Dead and Loving It (1995),Dracula: Dead and Loving It,1995,12110,Dracula: Dead and Loving It,"When a lawyer shows up at the vampire's doorstep, he falls prey to his charms and joins him in his search for fresh blood. Enter Professor Van Helsing, who may be the only one able to vanquish the Count.","['Comedy', 'Horror']",88,6.088,1017,1.8191,1995-12-22,30000000,10772144,"['Leslie Nielsen', 'Mel Brooks', 'Amy Yasbeck', 'Peter MacNicol', 'Lysette Anthony', 'Harvey Korman', 'Steven Weber', 'Mark Blankfield', 'Megan Cavanagh', 'Gregg Binkley']",['Mel Brooks'],['Mel Brooks']
13,Balto (1995),Balto,1995,21032,Balto,"An outcast half-wolf risks his life to prevent a deadly epidemic from ravaging Nome, Alaska.","['Family', 'Animation', 'Adventure']",78,7.3,2088,2.2599,1995-12-22,31000000,11348324,"['Kevin Bacon', 'Bob Hoskins', 'Bridget Fonda', 'Jim Cummings', 'Phil Collins', 'Juliette Brewer', 'Jack Angel', 'Danny Mann', 'Robbie Rist', 'Sandra Dickinson']",['Simon Wells'],"['Kathleen Kennedy', 'Steven Spielberg']"
14,Nixon (1995),Nixon,1995,10858,Nixon,A look at President Richard M. Nixon—a man carrying the fate of the world on his shoulders while battling the self-destructive demands from within—spanning his troubled boyhood in California to the shocking Watergate scandal that would end his Presidency.,"['Drama', 'History']",192,6.873,377,1.2831,1995-12-22,44000000,13681765,"['Anthony Hopkins', 'Joan Allen', 'Powers Boothe', 'Ed Harris', 'Bob Hoskins', 'E.G. Marshall', 'David Paymer', 'David Hyde Pierce', 'Paul Sorvino', 'Mary Steenburgen']",['Oliver Stone'],"['Oliver Stone', 'Clayton Townsend', 'Andrew G. Vajna']"
15,Cutthroat Island (1995),Cutthroat Island,1995,1408,Cutthroat Island,"Morgan Adams and her slave, William Shaw, are on a quest to recover the three portions of a treasure map. Unfortunately, the final portion is held by her murderous uncle, Dawg. Her crew is skeptical of her leadership abilities, so she must complete her quest before they mutiny against her. This is made yet more difficult by the efforts of the British crown to end her pirate raids.","['Action', 'Adventure']",124,5.8,579,2.0224,1995-12-22,102000000,16000000,"['Geena Davis', 'Matthew Modine', 'Frank Langella', 'Maury Chaykin', 'Patrick Malahide', 'Stan Shaw', 'Rex Linn', 'Paul Dillon', 'Christopher Masterson', 'Jimmie F. Skaggs']",['Renny Harlin'],"['James Gorman', 'Renny Harlin', 'Laurence Mark', 'Joel B. Michaels']"
16,Casino (1995),Casino,1995,524,Casino,"In early-1970s Las Vegas, Sam ""Ace"" Rothstein gets tapped by his bosses to head the Tangiers Casino. At first, he's a great success in the job, but over the years, problems with his loose-cannon enforcer Nicky Santoro, his ex-hustler wife Ginger, her con-artist ex Lester Diamond and a handful of corrupt politicians put Sam in ever-increasing danger.","['Crime', 'Drama']",179,7.997,6107,6.2121,1995-11-22,50000000,116112375,"['Robert De Niro', 'Sharon Stone', 'Joe Pesci', 'James Woods', 'Don Rickles', 'Alan King', 'Kevin Pollak', 'L.Q. Jones', 'Dick Smothers', 'Frank Vincent']",['Martin Scorsese'],['Barbara De Fina']
17,Sense and Sensibility (1995),Sense and Sensibility,1995,4584,Sense and Sensibility,"The Dashwood sisters, sensible Elinor and passionate Marianne, whose chances at marriage seem doomed by their family's sudden loss of fortune.  When Henry Dashwood dies unexpectedly, his estate must pass on by law to his son from his first marriage, John and wife Fanny. But these circumstances leave Mr. Dashwood's current wife, and daughters Elinor, Marianne and Margaret, without a home and with barely enough money to live on. As Elinor and Marianne struggle to find romantic fulfillment in a society obsessed with financial and social status, they must learn to mix sense with sensibility in their dealings with both money and men.","['Drama', 'Romance']",136,7.4,1738,4.0325,1995-12-13,16000000,134582776,"['Emma Thompson', 'Kate Winslet', 'Alan Rickman', 'Hugh Grant', 'Gemma Jones', 'Greg Wise', 'Elizabeth Spriggs', 'Imogen Stubbs', 'Harriet Walter', 'James Fleet']",['Ang Lee'],['Lindsay Doran']
18,Four Rooms (1995),Four Rooms,1995,5,Four Rooms,It's Ted the Bellhop's first night on the job...and the hotel's very unusual guests are about to place him in some outrageous predicaments. It seems that this evening's room service is serving up one unbelievable happening after another.,['Comedy'],98,5.9,2709,2.1729,1995-12-09,4000000,4257354,"['Tim Roth', 'Jennifer Beals', 'Antonio Banderas', 'Valeria Golino', 'David Proval', 'Sammi Davis', 'Amanda de Cadenet', 'Madonna', 'Ione Skye', 'Lili Taylor']","['Robert Rodriguez', 'Alexandre Rockwell', 'Allison Anders', 'Quentin Tarantino']",['Lawrence Bender']
19,Ace Ventura: When Nature Calls (1995),Ace Ventura: When Nature Calls,1995,9273,Ace Ventura: When Nature Calls,"Summoned from an ashram in Tibet, Ace finds himself on a perilous journey into the jungles of Africa to find Shikaka, the missing sacred animal of the friendly Wachati tribe. He must accomplish this before the wedding of the Wachati's Princess to the prince of the warrior Wachootoos. If Ace fails, the result will be a vicious tribal war.","['Crime', 'Comedy', 'Adventure']",90,6.327,4294,4.4807,1995-11-10,30000000,212385533,"['Jim Carrey', 'Ian McNeice', 'Simon Callow', 'Maynard Eziashi', 'Bob Gunton', 'Sophie Okonedo', 'Tommy Davidson', 'Adewale Akinnuoye-Agbaje', 'Danny Daniels', 'Sam Phillips']",['Steve Oedekerk'],"['Bob Israel', 'Andrew G. La Marca', 'James G. Robinson']"
20,Money Train (1995),Money Train,1995,11517,Money Train,"When a vengeful New York transit cop decides to steal a trainload of subway fares, his foster brother—a fellow cop—tries to protect him.","['Action', 'Comedy', 'Crime']",110,5.849,800,1.5154,1995-11-21,68000000,77224232,"['Wesley Snipes', 'Woody Harrelson', 'Jennifer Lopez', 'Robert Blake', 'Chris Cooper', 'Joe Grifasi', 'Scott Sowers', 'Skipp Sudduth', 'Aida Turturro', 'Vincent Pastore']",['Joseph Ruben'],"['Neil Canton', 'Jon Peters', 'Christine Forsyth-Peters']"
21,Get Shorty (1995),Get Shorty,1995,8012,Get Shorty,"Chili Palmer is a Miami mobster who gets sent to L.A. to collect a bad debt from Harry Zimm, a Hollywood producer who specializes in cheesy horror films. When Chili meets Harry's leading lady, the romantic sparks fly. After pitching his own life story as a movie idea, Chili learns that being a mobster and being a Hollywood producer really aren't all that different.","['Comedy', 'Thriller', 'Crime']",105,6.508,1113,2.3089,1995-10-20,30250000,115101622,"['John Travolta', 'Gene Hackman', 'Rene Russo', 'Danny DeVito', 'Dennis Farina', 'Delroy Lindo', 'James Gandolfini', 'Jon Gries', 'Renee Props', 'David Paymer']",['Barry Sonnenfeld'],"['Stacey Sher', 'Michael Shamberg', 'Danny DeVito']"
22,Copycat (1995),Copycat,1995,1710,Copycat,An agoraphobic psychologist and a female detective must work together to take down a serial killer who copies serial killers from the past.,"['Thriller', 'Crime', 'Mystery', 'Horror', 'Drama']",124,6.473,1110,4.2539,1995-10-27,20000000,32000000,"['Sigourney Weaver', 'Holly Hunter', 'Dermot Mulroney', 'William McNamara', 'Harry Connick Jr.', 'J.E. Freeman', 'Will Patton', 'John Rothman', ""Shannon O'Hurley"", 'Bob Greene']",['Jon Amiel'],"['Arnon Milchan', 'Mark Tarlov', 'Michael G. Nathanson']"
23,Assassins (1995),Assassins,1995,9691,Assassins,"Assassin Robert Rath arrives at a funeral to kill a prominent mobster, only to witness a rival hired gun complete the job for him -- with grisly results. Horrified by the murder of innocent bystanders, Rath decides to take one last job and then return to civilian life. But finding his way out of the world of contract killing grows ever more dangerous as Rath falls for his female target and becomes a marked man himself.","['Action', 'Adventure', 'Crime', 'Thriller']",132,6.492,1610,1.5981,1995-10-06,50000000,30303072,"['Sylvester Stallone', 'Antonio Banderas', 'Julianne Moore', 'Anatoli Davydov', 'Muse Watson', 'Steve Kahan', 'Kelly Rowan', 'Reed Diamond', 'Kai Wulff', 'Kerry Skalsky']",['Richard Donner'],"['Raynold Gideon', 'Joel Silver', 'Jim Van Wyck', 'Richard Donner', 'Andrew Lazar']"
24,Powder (1995),Powder,1995,12665,Powder,"Harassed by classmates who won't accept his shocking appearance, a shy young man known as ""Powder"" struggles to fit in. But the cruel taunts stop when Powder displays a mysterious power that allows him to do incredible things. This phenomenon changes the lives of all those around him in ways they never could have imagined.","['Drama', 'Fantasy']",111,7.0,683,2.6204,1995-10-27,9500000,30900000,"['Mary Steenburgen', 'Sean Patrick Flanery', 'Lance Henriksen', 'Jeff Goldblum', 'Brandon Smith', 'Bradford Tatum', 'Susan Tyrrell', 'Missy Crider', 'Ray Wise', 'Esteban Powell']",['Victor Salva'],"['Daniel Grodnik', 'Roger Birnbaum']"
25,Leaving Las Vegas (1995),Leaving Las Vegas,1995,451,Leaving Las Vegas,"Ben Sanderson, an alcoholic Hollywood screenwriter who lost everything because of his drinking, arrives in Las Vegas to drink himself to death. There, he meets and forms an uneasy friendship and non-interference pact with prostitute Sera.","['Drama', 'Romance']",111,7.251,1519,2.6141,1995-10-27,3600000,49800000,"['Nicolas Cage', 'Elisabeth Shue', 'Julian Sands', 'Richard Lewis', 'Steven Weber', 'Kim Adams', 'Emily Procter', 'Stuart Regen', 'Valeria Golino', 'Graham Beckel']",['Mike Figgis'],"['Lila Cazès', 'Annie Stewart']"
26,Othello (1995),Othello,1995,16420,Othello,The evil Iago pretends to be friend of Othello in order to manipulate him to serve his own end in the film version of this Shakespeare classic.,['Drama'],123,6.372,144,1.0133,1995-12-15,11000000,2800000,"['Laurence Fishburne', 'Irène Jacob', 'Kenneth Branagh', 'Nathaniel Parker', 'Michael Maloney', 'Anna Patrick', 'Nicholas Farrell', 'Indra Ové', 'Michael Sheen', 'John Savident']",['Oliver Parker'],[]
27,Now and Then (1995),Now and Then,1995,9263,Now and Then,"Waxing nostalgic about the bittersweet passage from childhood to puberty, four childhood girlfriends — Teeny, Chrissy, Samantha and Roberta — recall the magical summer of 1970. During their walk down memory lane, they reconcile experiences with boys, secrets, bullies and more.","['Comedy', 'Drama', 'Romance']",100,6.908,452,1.5285,1995-10-20,12000000,27400000,"['Christina Ricci', ""Rosie O'Donnell"", 'Thora Birch', 'Melanie Griffith', 'Gaby Hoffmann', 'Demi Moore', 'Ashleigh Aston Moore', 'Rita Wilson', 'Devon Sawa', 'Walter Sparrow']",['Lesli Linka Glatter'],"['Demi Moore', 'Suzanne Todd']"
28,Persuasion (1995),Persuasion,1995,17015,Persuasion,"Anne Elliot, the daughter of a financially troubled aristocratic family, is persuaded to break her engagement to Frederick Wentworth, a young sea captain of meager means. Years later, money troubles force Anne's father to rent out the family estate to Admiral Croft, and Anne is again thrown into company with Frederick -- who is now rich, successful, and perhaps still in love with Anne.","['Drama', 'Romance']",107,7.11,132,1.8061,1995-05-01,0,0,"['Amanda Root', 'Ciarán Hinds', 'Susan Fleetwood', 'Fiona Shaw', 'John Woodvine', 'Phoebe Nicholls', 'Samuel West', 'Sophie Thompson', 'Judy Cornwell', 'Simon Russell Beale']",['Roger Michell'],['Fiona Finlay']
29,"City of Lost Children, The (Cité des enfants perdus, La) (1995)","City of Lost Children, The (Cité des enfants perdus, La)",1995,902,The City of Lost Children,"A scientist in a surrealist society kidnaps children to steal their dreams, hoping that they slow his aging process.","['Fantasy', 'Science Fiction', 'Adventure']",113,7.2,1142,1.7787,1995-05-17,18000000,1738611,"['Ron Perlman', 'Dominique Pinon', 'Judith Vittet', 'Daniel Emilfork', 'Jean-Claude Dreyfus', 'Geneviève Brunet', 'Odile Mallet', 'Mireille Mossé', 'Serge Merlin', 'Rufus']","['Marc Caro', 'Jean-Pierre Jeunet']","['María Victoria Hebrero', 'Félicie Dutertre', 'Arlette Mas', 'José Luis Lopez', 'Claudie Ossard']"
31,Dangerous Minds (1995),Dangerous Minds,1995,9909,Dangerous Minds,"Former Marine Louanne Johnson lands a gig teaching in a pilot program for bright but underachieving teens at a notorious inner-city high school. After having a terrible first day, she decides she must throw decorum to the wind. When Johnson returns to the classroom, she does so armed with a no-nonsense attitude informed by her military training and a fearless determination to better the lives of her students -- no matter what the cost.",['Drama'],99,6.979,1191,3.2083,1995-08-11,23000000,179519401,"['Michelle Pfeiffer', 'George Dzundza', 'Courtney B. Vance', 'Robin Bartlett', 'Beatrice Winde', 'John Neville', 'Lorraine Toussaint', 'Renoly Santiago', 'Wade Dominguez', 'Bruklin Harris']",['John N. Smith'],"['Don Simpson', 'Jerry Bruckheimer', 'Michelle Pfeiffer']"
34,Babe (1995),Babe,1995,9598,Babe,"Babe is a little pig who doesn't quite know his place in the world. With a bunch of odd friends, like Ferdinand the duck who thinks he is a rooster and Fly the dog he calls mum, Babe realises that he has the makings to become the greatest sheep pig of all time, and Farmer Hoggett knows it. With the help of the sheep dogs, Babe learns that a pig can be anything that he wants to be.","['Fantasy', 'Drama', 'Comedy', 'Family']",92,6.249,2981,3.6083,1995-07-18,30000000,254100000,"['Christine Cavanaugh', 'Miriam Margolyes', 'Danny Mann', 'Hugo Weaving', 'Miriam Flynn', 'James Cromwell', 'Magda Szubanski', 'Russi Taylor', 'Roscoe Lee Browne', 'Evelyn Krape']",['Chris Noonan'],"['George Miller', 'Bill Miller', 'Doug Mitchell']"
36,Dead Man Walking (1995),Dead Man Walking,1995,687,Dead Man Walking,A death row inmate turns for spiritual guidance to a local nun in the days leading up to his scheduled execution for the murders of a young couple.,['Drama'],122,7.3,1406,2.0296,1995-12-29,11000000,39363635,"['Susan Sarandon', 'Sean Penn', 'Robert Prosky', 'Raymond J. Barry', 'R. Lee Ermey', 'Celia Weston', 'Lois Smith', 'Scott Wilson', 'Roberta Maxwell', 'Margo Martindale']",['Tim Robbins'],"['Jon Kilik', 'Tim Robbins', 'Rudd Simmons']"
38,It Takes Two (1995),It Takes Two,1995,33689,It Takes Two,"Identical 9-year-olds from very different backgrounds: orphaned Amanda and wealthy Alyssa meet at summer camp and decide to switch places -- and play matchmaker between Alyssa's dad, Roger, and the kind social worker who cares for Amanda.","['Comedy', 'Family', 'Romance']",101,6.514,918,4.8606,1995-11-17,19474589,19474589,"['Kirstie Alley', 'Steve Guttenberg', 'Ashley Olsen', 'Mary-Kate Olsen', 'Jane Sibbett', 'Philip Bosco', 'Michelle Grisom', 'Desmond Robertson', 'Tiny Mills', 'Shanelle Henry']",['Andy Tennant'],"['Jim Cruickshank', 'James Orr']"
39,Clueless (1995),Clueless,1995,9603,Clueless,"Shallow, rich and socially successful Cher is at the top of her Beverly Hills high school's pecking scale. Seeing herself as a matchmaker, Cher first coaxes two teachers into dating each other. Emboldened by her success, she decides to give hopelessly klutzy new student Tai a makeover. When Tai becomes more popular than she is, Cher realizes that her disapproving ex-stepbrother was right about how misguided she was -- and falls for him.","['Comedy', 'Romance']",97,7.274,4573,8.3899,1995-07-19,12000000,56631572,"['Alicia Silverstone', 'Stacey Dash', 'Brittany Murphy', 'Paul Rudd', 'Donald Faison', 'Elisa Donovan', 'Breckin Meyer', 'Jeremy Sisto', 'Dan Hedaya', 'Aida Linares']",['Amy Heckerling'],"['Scott Rudin', 'Robert Lawrence']"
40,"Cry, the Beloved Country (1995)","Cry, the Beloved Country",1995,34615,"Cry, the Beloved Country",A South-African preacher goes to search for his wayward son who has committed a crime in the big city.,['Drama'],106,6.7,25,0.3634,1995-12-15,0,676525,"['Richard Harris', 'James Earl Jones', 'Charles S. Dutton', 'Vusi Kunene', 'Tsholofelo Wechoemang', 'Dolly Rathebe', 'Jack Robinson', 'Ramalao Makhene', 'Jennifer Steyn', 'Ian Roberts']",['Darrell James Roodt'],"['Anant Singh', 'Harry Alan Towers']"
41,Richard III (1995),Richard III,1995,31174,Richard III,"A murderous lust for the British throne sees Richard III descend into madness. Though the setting is transposed to the 1930s, England is torn by civil war, split between the rivaling houses of York and Lancaster. Richard aspires to a fascist dictatorship, but must first remove the obstacles to his ascension—among them his brother, his nephews and his brother's wife. When the Duke of Buckingham deserts him, Richard's plans are compromised.","['Drama', 'War']",104,6.742,184,0.7004,1995-12-29,0,2748518,"['Ian McKellen', 'Annette Bening', 'Jim Broadbent', 'Robert Downey Jr.', 'Kristin Scott Thomas', 'Adrian Dunbar', 'Maggie Smith', 'Tim McInnerny', 'Edward Hardwicke', 'Nigel Hawthorne']",['Richard Loncraine'],"['Stephen Bayly', 'Lisa Katselas']"
42,Dead Presidents (1995),Dead Presidents,1995,11443,Dead Presidents,On the streets they call cash dead presidents. And that's just what a Vietnam veteran is after when he returns home from the war only to find himself drawn into a life of crime. With the aid of his fellow vets he plans the ultimate heist -- a daring robbery of an armored car filled with unmarked U.S. currency!,"['Action', 'Crime', 'Drama', 'Thriller', 'War']",119,6.651,301,1.5359,1995-09-29,10000000,24100000,"['Larenz Tate', 'Keith David', 'Chris Tucker', 'Freddy Rodríguez', 'Rose Jackson', ""N'Bushe Wright"", 'Clifton Powell', 'Terrence Howard', 'Bokeem Woodbine', 'Clifton Collins Jr.']","['Albert Hughes', 'Allen Hughes']","['Allen Hughes', 'Albert Hughes']"
43,Restoration (1995),Restoration,1995,35196,Restoration,"An aspiring young physician, Robert Merivel found himself in the service of King Charles II and saves the life of someone close to the King. Merivel joins the King's court and lives the high life provided to someone of his position. Merivel is ordered to marry his King's mistress in order to divert the queens suspicions. He is given one order by the king and that is not to fall in love. The situation worsens when Merivel finds himself in love with his new wife. Eventually, the King finds out and relieves Merivel of his position and wealth. His fall from grace leaves Merivel where he first started. And through his travels and reunions with an old friend, he rediscovers his love for true medicine and what it really means to be a physician.","['Drama', 'Romance']",117,6.021,121,0.8443,1995-12-29,19000000,4005941,"['Robert Downey Jr.', 'Meg Ryan', 'Sam Neill', 'David Thewlis', 'Hugh Grant', 'Polly Walker', 'Ian McKellen', 'Ian McDiarmid', 'Mary MacLeod', 'Willie Ross']",['Michael Hoffman'],"['Cary Brokaw', 'Andy Paterson', 'Sarah Black']"
44,Mortal Kombat (1995),Mortal Kombat,1995,9312,Mortal Kombat,"For nine generations an evil sorcerer has been victorious in hand-to-hand battle against his mortal enemies. If he wins a tenth Mortal Kombat tournament, desolation and evil will reign over the multiverse forever. To save Earth, three warriors must overcome seemingly insurmountable odds, their own inner demons, and superhuman foes in this action/adventure movie based on one of the most popular video games of all time.","['Action', 'Fantasy']",101,5.9,2362,5.6045,1995-08-18,18000000,122195920,"['Robin Shou', 'Linden Ashby', 'Bridgette Wilson-Sampras', 'Christopher Lambert', 'Cary-Hiroyuki Tagawa', 'Talisa Soto', 'Trevor Goddard', 'Chris Casamassa', 'François Petit', 'Keith Cooke']",['Paul W. S. Anderson'],['Lawrence Kasanoff']
45,To Die For (1995),To Die For,1995,577,To Die For,"Suzanne Stone wants to be a world-famous news anchor and she is willing to do anything to get what she wants. What she lacks in intelligence, she makes up for in cold determination and diabolical wiles. As she pursues her goal with relentless focus, she is forced to destroy anything and anyone that may stand in her way, regardless of the ultimate cost or means necessary.","['Drama', 'Comedy', 'Crime']",106,6.585,820,1.4229,1995-09-22,20000000,21300000,"['Nicole Kidman', 'Matt Dillon', 'Joaquin Phoenix', 'Casey Affleck', 'Illeana Douglas', 'Alison Folland', 'Dan Hedaya', 'Wayne Knight', 'Kurtwood Smith', 'Holland Taylor']",['Gus Van Sant'],['Laura Ziskin']
46,How to Make an American Quilt (1995),How to Make an American Quilt,1995,11861,How to Make an American Quilt,"Soon-to-be-wed graduate student Finn Dodd develops cold feet when she suspects her fiancé is cheating on her. In order to clear her head, Finn visits her grandmother, Hy, and great aunt, Glady Joe Cleary, in Grasse, Calif. There, Finn learns that Hy and Glady Joe are members of a group of passionate quilters, and over the course of her visit she is regaled with tales of love and life by women who have collected rich experiences and much wisdom.","['Drama', 'Romance']",116,6.425,187,0.8254,1995-10-06,10000000,41200020,"['Winona Ryder', 'Anne Bancroft', 'Ellen Burstyn', 'Kate Nelligan', 'Jean Simmons', 'Maya Angelou', 'Alfre Woodard', 'Dermot Mulroney', 'Lois Smith', 'Kate Capshaw']",['Jocelyn Moorhouse'],"['Sarah Pillsbury', 'Midge Sanford']"
48,Pocahontas (1995),Pocahontas,1995,333323,Pocahontas,"Set in Colonial America, Pocahontas has become a story of historical value known and loved internationally, among children of all ages. The film tells the story of the first English settlers in Virginia and the Native Americans who lived there.  It highlights the very different values of the two civilisations and particularly their attitude and respect for the land. It's a culture shock story and, on a personal level, a love story",['Animation'],50,7.5,11,0.259,1995-10-16,0,0,"['Nickolas Grace', 'Lee Perry', 'Peter McAllum', 'Juliet Jordan']",['Ryszard Słapczyński'],"['David C. Field', 'Roz Phillips']"
49,When Night Is Falling (1995),When Night Is Falling,1995,8391,When Night Is Falling,"Camille is a professor at a Protestant college and is in a long-term relationship Martin, a respected minister and fellow professor. When Camille meets Petra, a bold and flamboyant performer in a circus troupe, she is inexplicably drawn. Pursuing Petra, Camille throws her whole conservative life into disarray.","['Drama', 'Romance']",96,6.3,84,1.1128,1995-02-01,0,0,"['Pascale Bussières', 'Rachael Crawford', 'Henry Czerny', 'David Fox', 'Don McKellar', 'Tracy Wright', 'Clare Coulter', 'Karyne Steben', 'Sarah Steben', 'Jonathan Potts']",['Patricia Rozema'],['Barbara Tranter']
50,"Usual Suspects, The (1995)","Usual Suspects, The",1995,629,The Usual Suspects,"Held in an L.A. interrogation room, Verbal Kint attempts to convince the feds that a mythic crime lord, Keyser Soze, not only exists, but was also responsible for drawing him and his four partners into a multi-million dollar heist that ended with an explosion in San Pedro harbor – leaving few survivors. Verbal lures his interrogators with an incredible story of the crime lord's almost supernatural prowess.","['Drama', 'Crime', 'Thriller']",106,8.174,10776,8.1132,1995-07-19,6000000,23300000,"['Stephen Baldwin', 'Gabriel Byrne', 'Benicio del Toro', 'Kevin Pollak', 'Kevin Spacey', 'Chazz Palminteri', 'Pete Postlethwaite', 'Suzy Amis', 'Giancarlo Esposito', 'Dan Hedaya']",['Bryan Singer'],"['Michael McDonnell', 'Bryan Singer']"
52,Mighty Aphrodite (1995),Mighty Aphrodite,1995,11448,Mighty Aphrodite,"When Lenny and his wife, Amanda, adopt a baby, Lenny realizes that his son is a genius and becomes obsessed with finding the boy's biological mother in hopes that she will be brilliant too. But when he learns that Max's mother is Linda Ash, a kindhearted prostitute and porn star, Lenny is determined to reform her immoral lifestyle. A Greek chorus chimes in to relate the plot to Greek mythology in this quirky comedy.","['Comedy', 'Romance']",95,6.7,710,1.3125,1995-09-13,15000000,26000000,"['Woody Allen', 'Mira Sorvino', 'Helena Bonham Carter', 'F. Murray Abraham', 'Donald Symington', 'Claire Bloom', 'Olympia Dukakis', 'Michael Rapaport', 'David Ogden Stiers', 'Jack Warden']",['Woody Allen'],['Robert Greenhut']
53,Lamerica (1994),Lamerica,1994,49133,Lamerica,"Fiore, an Italian conman, arrives in post Communist Albania with Gino, his young apprentice, to set up a shoe factory that will never open. The con requires a native Albanian, so they designate Spiro, an impoverished and confused former political prisoner as chairman of the board. When Fiore returns to Italy to get government funds for the project, Spiro unexpectedly disappears and Gino sets out on a journey to find him. The search leads him to discover Spiro's tragic personal history and witness Albanian poverty firsthand.",['Drama'],112,7.1,60,0.2376,1994-09-09,0,0,"['Enrico Lo Verso', 'Michele Placido', 'Piro Milkani', 'Carmelo Di Mazzarelli', 'Elida Janushi', 'Sefer Pema', 'Idajet Sejdia', 'Marjeta Ljarja', 'Elida Ndreu', 'Ilir Ara']",['Gianni Amelio'],"['Mario Cecchi Gori', 'Vittorio Cecchi Gori']"
54,"Big Green, The (1995)","Big Green, The",1995,26441,The Big Green,"In a depressed Texas town, British foreign exchange teacher Anna attempts to inject some life into her hopeless kids by introducing them to soccer. They're terrible at first, but Anna and her football-hero assistant whip them into shape. As they work overtime, the pair help kids build their self-esteem and also get involved in solving family squabbles.","['Family', 'Comedy']",100,5.5,189,1.0625,1995-09-29,0,0,"[""Olivia d'Abo"", 'Steve Guttenberg', 'Chauncey Leopardi', 'Patrick Renna', 'Billy L. Sullivan', 'Bug Hall', 'Jessica Robertson', 'Anthony Esquivel', 'Jordan Brower', 'Jay O. Sanders']",['Holly Goldberg Sloan'],['Roger Birnbaum']
55,Georgia (1995),Georgia,1995,97406,Georgia,"Sadie looks up to her older sister Georgia, a successful folk singer. Unfortunately it is this very obsession — coupled with her self-destructive tendencies and rampant drug abuse — that keeps her spiraling down the drain.",['Drama'],115,5.795,44,0.1947,1995-05-19,0,1110974,"['Jennifer Jason Leigh', 'Mare Winningham', 'Ted Levine', 'Max Perlich', 'John Doe', 'John C. Reilly', 'Jimmy Witherspoon', 'Jason Carter', 'Tom Bower', 'Smokey Hormel']",['Ulu Grosbard'],"['Jennifer Jason Leigh', 'Barbara Turner', 'Ulu Grosbard']"
57,Home for the Holidays (1995),Home for the Holidays,1995,9089,Home for the Holidays,"After losing her job, making out with her soon-to-be former boss, and finding out that her daughter plans to spend Thanksgiving with her boyfriend, Claudia Larson faces spending the holiday with her unhinged family.","['Comedy', 'Drama', 'Romance']",103,6.3,183,0.7102,1995-11-02,20000000,22119269,"['Holly Hunter', 'Robert Downey Jr.', 'Anne Bancroft', 'Charles Durning', 'Dylan McDermott', 'Geraldine Chaplin', 'Steve Guttenberg', 'Cynthia Stevenson', 'Claire Danes', 'Emily Ann Lloyd']",['Jodie Foster'],"['Jodie Foster', 'Peggy Rajski']"
58,"Postman, The (Postino, Il) (1994)","Postman, The (Postino, Il)",1994,11010,The Postman,Simple Italian postman learns to love poetry while delivering mail to a famous poet; he uses this to woo local beauty Beatrice.,"['Comedy', 'Drama', 'Romance']",109,7.9,1165,1.1826,1994-04-07,3000000,33000000,"['Massimo Troisi', 'Philippe Noiret', 'Maria Grazia Cucinotta', 'Renato Scarpa', 'Linda Moretti', 'Mariano Rigillo', 'Anna Bonaiuto', 'Sergio Solli', 'Carlo Di Maio', 'Nando Neri']",['Michael Radford'],"['Mario Cecchi Gori', 'Vittorio Cecchi Gori', 'Gaetano Daniele']"
60,"Indian in the Cupboard, The (1995)","Indian in the Cupboard, The",1995,11359,The Indian in the Cupboard,A nine-year-old boy gets a plastic Indian and a cupboard for his birthday and finds himself involved in adventure when the Indian comes to life and befriends him.,"['Adventure', 'Family', 'Fantasy']",96,6.466,644,2.3306,1995-07-14,45000000,35700000,"['Hal Scardino', 'Litefoot', 'Lindsay Crouse', 'Richard Jenkins', 'Rishi Bhat', 'Steve Coogan', 'David Keith', 'Sakina Jaffrey', 'Vincent Kartheiser', 'Nestor Serrano']",['Frank Oz'],"['Kathleen Kennedy', 'Frank Marshall', 'Jane Startz']"
61,Eye for an Eye (1996),Eye for an Eye,1996,17182,Eye for an Eye,"It's fire and brimstone time as grieving mother Karen McCann takes justice into her own hands when a kangaroo court in Los Angeles fails to convict Robert Doob, the monster who raped and murdered her 17-year-old daughter.",['Thriller'],101,6.175,426,2.8624,1996-01-12,20000000,26877589,"['Sally Field', 'Kiefer Sutherland', 'Ed Harris', ""Beverly D'Angelo"", 'Charlayne Woodard', 'Joe Mantegna', 'Olivia Burnette', 'Alexandra Kyle', 'Keith David', 'Philip Baker Hall']",['John Schlesinger'],['Michael I. Levy']
62,Mr. Holland's Opus (1995),Mr. Holland's Opus,1995,2054,Mr. Holland's Opus,"In 1965, passionate musician Glenn Holland takes a day job as a high school music teacher, convinced it's just a small obstacle on the road to his true calling: writing a historic opus. As the decades roll by with the composition unwritten but generations of students inspired through his teaching, Holland must redefine his life's purpose.","['Drama', 'Music']",143,7.0,430,1.4923,1995-12-29,31000000,106300000,"['Richard Dreyfuss', 'Glenne Headly', 'Jay Thomas', 'Olympia Dukakis', 'William H. Macy', 'Alicia Witt', 'Terrence Howard', 'Damon Whitaker', 'Jean Louisa Kelly', 'Alexandra Boyd']",['Stephen Herek'],"['Robert W. Cort', 'Ted Field', 'Michael Nolin']"
63,Don't Be a Menace to South Central While Drinking Your Juice in the Hood (1996),Don't Be a Menace to South Central While Drinking Your Juice in the Hood,1996,10607,Don't Be a Menace to South Central While Drinking Your Juice in the Hood,"When Ashtray moves to South Central L.A. to live with his father (who appears to be the same age he is) and grandmother (who likes to talk tough and smoke reefer), he falls in with his gang-banging cousin Loc Dog, who along with the requisite pistols and Uzi carries a thermo-nuclear warhead for self-defense. Will Ashtray be able to keep living the straight life?","['Comedy', 'Crime']",89,7.029,1392,6.9507,1996-01-12,3800000,20100000,"['Shawn Wayans', 'Marlon Wayans', 'Tracey Cherelle Jones', 'Chris Spencer', 'Vivica A. Fox', 'Lahmard J. Tate', ""Rappin' Granny"", 'Suli McCullough', 'Bernie Mac', 'Faizon Love']",['Paris Barclay'],"['Keenen Ivory Wayans', 'Eric L. Gold']"
64,Two if by Sea (1996),Two if by Sea,1996,19760,Two If by Sea,"Frank O'Brien, a petty thief, and his 7-year-long girlfriend Roz want to put an end to their unsteady lifestyle and just do that last job, which involves stealing a valuable painting. Frank takes Roz to an island on the coast of New England, where he wants to sell the painting and also hopes that their sagging relationship will get a positive push back up. Not everything goes as planned.","['Comedy', 'Romance']",96,4.969,96,0.4069,1996-01-12,0,10658278,"['Sandra Bullock', 'Denis Leary', 'Yaphet Kotto', 'Stephen Dillane', 'Tracey Cherelle Jones', 'Julia Montgomery Brown', 'Jane Moffat', 'Mike Starr', 'Jonathan Tucker', 'Wayne Robson']",['Bill Bennett'],['James G. Robinson']
65,Bio-Dome (1996),Bio-Dome,1996,9536,Bio-Dome,"Bud and Doyle are a pair of aimless slackers with no real direction in life. While their environmentally-conscious girlfriends are passionate about saving the planet, the two couldn't care less. One day, they accidentally stumble into a high-stakes scientific experiment—a year-long mission in a sealed ""Bio-Dome"" with no contact with the outside world—and unwittingly become part of the project.",['Comedy'],95,4.52,379,1.3392,1996-01-12,8500000,13400000,"['Pauly Shore', 'Stephen Baldwin', 'William Atherton', 'Joey Lauren Adams', 'Teresa Hill', 'Henry Gibson', 'Kevin West', 'Denise Dowse', 'Dara Tomanovich', 'Rose McGowan']",['Jason Bloom'],"['Steven Stabler', 'Bradley Jenkel', 'Brad Krevoy']"
66,Lawnmower Man 2: Beyond Cyberspace (1996),Lawnmower Man 2: Beyond Cyberspace,1996,11525,Lawnmower Man 2: Beyond Cyberspace,"Jobe is resuscitated by Jonathan Walker. He wants Jobe to create a special computer chip that would connect all the computers in the world into one network, which Walker would control and use. But what Walker doesn't realize is a group of teenage hackers are on to him and out to stop his plan.","['Science Fiction', 'Horror', 'Action', 'Thriller']",92,3.301,161,3.0939,1996-01-12,15000000,2409225,"['Patrick Bergin', 'Matt Frewer', ""Austin O'Brien"", 'Ely Pouget', 'Camille Cooper', 'Patrick LaBrecque', 'Crystal Celeste Grant', 'Sean P. Young', 'Mathew Valencia', 'Kevin Conway']",['Farhad Mann'],"['Keith Fox', 'Edward Simons']"
68,French Twist (Gazon maudit) (1995),French Twist (Gazon maudit),1995,4482,French Twist,"After learning of her husband's infidelities, a housewife invites an itinerant lesbian to move in with them. None of their lives will ever be the same again.","['Comedy', 'Romance']",95,6.067,312,0.7314,1995-01-18,0,0,"['Victoria Abril', 'Josiane Balasko', 'Alain Chabat', 'Ticky Holgado', 'Catherine Hiegel', 'Catherine Samie', 'Catherine Lachens', 'Katrine Boorman', 'Véronique Barrault', 'Telsche Boorman']",['Josiane Balasko'],['Pierre Grunstein']
69,Friday (1995),Friday,1995,10634,Friday,"Craig and Smokey are two guys in Los Angeles hanging out on their porch on a Friday afternoon, smoking and drinking, looking for something to do.","['Comedy', 'Drama']",91,7.125,1898,5.5117,1995-04-26,3500000,28215918,"['Ice Cube', 'Chris Tucker', 'Nia Long', 'Tommy Lister Jr.', 'John Witherspoon', 'Anna Maria Horsford', 'Regina King', 'Paula Jai Parker', 'Faizon Love', 'DJ Pooh']",['F. Gary Gray'],['Patricia Charbonnet']
70,From Dusk Till Dawn (1996),From Dusk Till Dawn,1996,755,From Dusk Till Dawn,"After kidnapping a father and his two kids, the Gecko brothers head south to a seedy Mexican bar to hide out in safety, unaware of its notorious vampire clientele.","['Horror', 'Action', 'Thriller', 'Crime']",108,7.027,6138,5.5202,1996-01-19,19000000,25800000,"['George Clooney', 'Quentin Tarantino', 'Harvey Keitel', 'Juliette Lewis', 'Ernest Liu', 'Salma Hayek Pinault', 'Cheech Marin', 'Danny Trejo', 'Tom Savini', 'Fred Williamson']",['Robert Rodriguez'],"['Gianni Nunnari', 'Meir Teper']"
71,Fair Game (1995),Fair Game,1995,11859,Fair Game,"Max Kirkpatrick is a cop who protects Kate McQuean, a civil law attorney, from a renegade KGB team out to terminate her",['Action'],91,5.119,311,1.5603,1995-11-03,50000000,11500000,"['William Baldwin', 'Cindy Crawford', 'Steven Berkoff', 'Christopher McDonald', 'Miguel Sandoval', 'Johann Carlo', 'Salma Hayek Pinault', 'John Bedford Lloyd', 'Jenette Goldstein', 'Paul Dillon']",['Andrew Sipes'],['Joel Silver']
72,Kicking and Screaming (1995),Kicking and Screaming,1995,28387,Kicking and Screaming,"After college graduation, Grover's girlfriend Jane tells him she's moving to Prague to study writing. Grover declines to accompany her, deciding instead to move in with several friends, all of whom can't quite work up the inertia to escape their university's pull. Nobody wants to make any big decisions that would radically alter his life, yet none of them wants to end up like Chet, the professional student who tends bar and is in his tenth year of university studies.","['Comedy', 'Drama', 'Romance']",96,6.191,220,0.6907,1995-10-06,0,718490,"['Josh Hamilton', ""Olivia d'Abo"", 'Chris Eigeman', 'Parker Posey', 'Jason Wiles', 'Cara Buono', 'Carlos Jacott', 'Elliott Gould', 'Eric Stoltz', 'Samuel Gould']",['Noah Baumbach'],['Joel Kastelberg']
73,"Misérables, Les (1995)","Misérables, Les",1995,48750,Les Miserables,"In France during World War II, a poor and illiterate man, Henri Fortin, is introduced to Victor Hugo's classic novel Les Misérables and begins to see parallels between the book and his own life.","['Drama', 'History']",175,6.698,81,0.5958,1995-03-22,0,0,"['Jean-Paul Belmondo', 'Michel Boujenah', 'Alessandra Martines', 'Salomé Lelouch', 'Annie Girardot', 'Philippe Léotard', 'Philippe Khorsand', 'Ticky Holgado', 'Rufus', 'Nicole Croisille']",['Claude Lelouch'],['Claude Lelouch']
74,Bed of Roses (1996),Bed of Roses,1996,20927,Bed of Roses,"The seeds of love are planted when Lisa, a high-powered investment banker, receives flowers from a secret admirer. But when his fairy-tale fantasies clash with her workaholic ways, they soon find out that sometimes, it's harder than it seems for love to conquer all.","['Drama', 'Romance']",87,5.876,117,0.5435,1996-01-26,0,19030691,"['Christian Slater', 'Mary Stuart Masterson', 'Pamela Adlon', 'Josh Brolin', 'Brian Tarantina', 'Debra Monk', 'Mary Alice', 'Kenneth Cranham', 'Ally Walker', 'Anne Pitoniak']",['Michael Goldenberg'],"['Denise Shaw', 'Allan Mindel']"
75,Big Bully (1996),Big Bully,1996,36929,Big Bully,"A writer returns to his hometown where he faces the childhood nemesis whose life he ultimately ruined, only the bully wants to relive their painful past by torturing him once again.",['Comedy'],90,4.547,75,0.7819,1996-01-26,15000000,2042530,"['Rick Moranis', 'Tom Arnold', 'Julianne Phillips', 'Carol Kane', 'Jeffrey Tambor', 'Curtis Armstrong', 'Don Knotts', 'Doug Abrahams', 'Faith Prince', 'Tony Pierce']",['Steve Miner'],"['Gary Foster', 'James G. Robinson', 'Lee Rich']"
76,Screamers (1995),Screamers,1995,9102,Screamers,"SIRIUS 6B, Year 2078. On a distant mining planet ravaged by a decade of war, scientists have created the perfect weapon: a blade-wielding, self-replicating race of killing devices known as Screamers designed for one purpose only -- to hunt down and destroy all enemy life forms.","['Horror', 'Science Fiction', 'War']",108,6.212,553,1.0653,1995-09-08,20000000,5781885,"['Peter Weller', 'Jennifer Rubin', 'Roy Dupuis', 'Andrew Lauer', 'Liliana Komorowska', 'Michael Caloz', 'Jason Cavalier', 'Ron White', 'Leni Parker', 'Sylvain Massé']",['Christian Duguay'],"['Tom Berry', 'Franco Battista']"
77,Nico Icon (1995),Nico Icon,1995,124626,Nico Icon,"A look into the many lives of Christa Päffgen, otherwise known as Nico; from cutie German mädchen to the first of the supermodels, to glamorous diva of the Velvet Underground, to cult item, junkie and hag. Many faces for the same woman, whom, you realize, just couldn't bring herself to care enough to live.",['Documentary'],70,7.5,10,0.2737,1995-09-08,0,0,"['Nico', 'Tina Aumont', 'Christian Aaron Boulogne', 'Jackson Browne', 'John Cale', 'Danny Fields', 'Jonas Mekas', 'Paul Morrissey', 'Billy Name', 'Viva']",['Susanne Ofteringer'],[]
78,"Crossing Guard, The (1995)","Crossing Guard, The",1995,27526,The Crossing Guard,"Unable to move on from the loss of his daughter, Freddy, now a shell of the person he was before, swears to kill the man responsible for her death.","['Drama', 'Thriller']",111,6.0,269,0.862,1995-01-26,0,0,"['Jack Nicholson', 'David Morse', 'Anjelica Huston', 'Robin Wright', 'Piper Laurie', 'Richard Bradford', 'Priscilla Barnes', 'David Baerwald', 'Robbie Robertson', 'John Savage']",['Sean Penn'],"['Sean Penn', 'David Hamburger']"
79,"Juror, The (1996)","Juror, The",1996,9623,The Juror,"With his gangster boss on trial for murder, a mob thug known as ""the Teacher"" tells Annie Laird she must talk her fellow jurors into a not-guilty verdict, implying that he'll kill her son Oliver if she fails. She manages to do this, but, when it becomes clear that the mobsters might want to silence her for good, she sends Oliver abroad and tries to gather evidence of the plot against her, setting up a final showdown.","['Thriller', 'Crime', 'Drama']",118,5.6,406,1.592,1996-02-02,44000000,22754725,"['Demi Moore', 'Alec Baldwin', 'Joseph Gordon-Levitt', 'Anne Heche', 'James Gandolfini', 'Lindsay Crouse', 'Tony Lo Bianco', 'Michael Constantine', 'Matt Craven', 'Todd Susman']",['Brian Gibson'],"['Rob Cowan', 'Irwin Winkler']"
80,"White Balloon, The (Badkonake sefid) (1995)","White Balloon, The (Badkonake sefid)",1995,46785,The White Balloon,Several people try to take advantage of a little girl's innocence to hustle money her mom gave to her to buy a goldfish with.,"['Drama', 'Family']",85,7.5,96,0.433,1995-01-02,0,0,"['Aida Mohammadkhani', 'Mohsen Kafili', 'Fereshteh Sadr Orafaee', 'Anna Borkowska', 'Mohammad Shahani', 'Mohammad Bakhtiar', 'Aliasghar Smadi', 'Hamidreza Tahery', 'Asghar Barzegar', 'Hasan Neamotolahi']",['Jafar Panahi'],['Kurosh Mazkouri']
81,Things to Do in Denver When You're Dead (1995),Things to Do in Denver When You're Dead,1995,400,Things to Do in Denver When You're Dead,Five different criminals face imminent death after botching a job quite badly.,"['Drama', 'Crime']",116,6.438,400,1.1578,1995-12-01,8000000,529766,"['Andy García', 'Christopher Lloyd', 'William Forsythe', 'Bill Nunn', 'Treat Williams', 'Jack Warden', 'Steve Buscemi', 'Fairuza Balk', 'Gabrielle Anwar', 'Christopher Walken']",['Gary Fleder'],['Cary Woods']
82,Antonia's Line (Antonia) (1995),Antonia's Line (Antonia),1995,880,Antonia's Line,"After World War II, Antonia and her daughter, Danielle, go back to their Dutch hometown, where Antonia's late mother has bestowed a small farm upon her. There, Antonia settles down and joins a tightly-knit but unusual community. Those around her include quirky friend Crooked Finger, would-be suitor Bas and, eventually for Antonia, a granddaughter and great-granddaughter who help create a strong family of empowered women.","['Drama', 'Comedy']",102,7.0,130,0.712,1995-09-21,900000,0,"['Willeke van Ammelrooy', 'Els Dottermans', 'Dora van der Groen', 'Veerle van Overloop', 'Carolien Spoor', 'Esther Vriesendorp', 'Thyrza Ravesteijn', 'Mil Seghers', 'Jan Decleir', 'Elsie de Brauw']",['Marleen Gorris'],"['Gerard Cornelisse', 'Hans de Weers', 'Hans de Wolf']"
83,Once Upon a Time... When We Were Colored (1995),Once Upon a Time... When We Were Colored,1995,146599,Once Upon a Time... When We Were Colored,A narrator tells the story of his childhood years in a tightly knit Afro-American community in the deep south under racial segregation.,"['Romance', 'Drama']",115,4.2,4,0.1593,1996-01-26,0,0,"['Al Freeman Jr.', 'Phylicia Rashād', 'Paula Kelly', 'Salli Richardson-Whitfield', 'Anna Maria Horsford', 'Bernie Casey', 'Isaac Hayes', 'Ray J', 'Polly Bergen', 'Taj Mahal']",['Tim Reid'],[]
85,Angels and Insects (1995),Angels and Insects,1995,8447,Angels and Insects,"In Victorian England, wealthy patriarch Sir Harald Alabaster invites an impoverished biologist, William Adamson, into his home. There, William tries to continue his work, but is distracted by Alabaster's seductive daughter, Eugenia. William and Eugenia begin a torrid romance, but as the couple become closer, the young scientist begins to realize that dark, disturbing things are happening behind the closed doors of the Alabaster manor.","['Drama', 'Romance']",118,6.3,51,0.5097,1995-09-10,0,0,"['Mark Rylance', 'Kristin Scott Thomas', 'Patsy Kensit', 'Jeremy Kemp', 'Douglas Henshall', 'Annette Badland', 'Chris Larkin', 'Anna Massey']",['Philip Haas'],"['Kerry Orent', 'Belinda Haas', 'Joyce Herlihy']"
86,White Squall (1996),White Squall,1996,10534,White Squall,"In 1960, a hardy group of prep school students boards an old-fashioned sailing ship. With Capt. Christopher Sheldon at the helm, the oceangoing voyage is intended to teach the boys fortitude and discipline. But the youthful crew are about to get some unexpected instruction in survival when they get caught in the clutches of a white squall storm.","['Drama', 'Adventure']",129,6.3,376,1.4496,1996-02-02,38000000,10300000,"['Jeff Bridges', 'Caroline Goodall', 'John Savage', 'Scott Wolf', 'Jeremy Sisto', 'Ryan Phillippe', 'David Lascher', 'Eric Michael Cole', 'Jason Marsden', 'David Selby']",['Ridley Scott'],"['Mimi Polk Gitlin', 'Rocky Lang']"
87,Dunston Checks In (1996),Dunston Checks In,1996,17414,Dunston Checks In,"Hotel manager Robert Grant is forced by his boss to postpone his family vacation when a hotel critic checks in. Trouble is, the critic is really a villainous jewel thief with an orangutan assistant named Dunston. When Dunston gets loose and tries to escape a life of crime -- aided by Robert's sons -- havoc, hijinks and lots of laughs abound!","['Family', 'Comedy', 'Adventure']",88,5.375,232,0.8851,1996-01-12,16000000,0,"['Sam the Orangutan', 'Jason Alexander', 'Faye Dunaway', 'Rupert Everett', 'Graham Sack', 'Paul Reubens', 'Glenn Shadix', 'Nathan Davis', 'Jennifer Bassey', 'Eric Lloyd']",['Ken Kwapis'],"['Joe Wizan', 'Todd Black']"
88,Black Sheep (1996),Black Sheep,1996,13997,Black Sheep,"When dignified Albert Donnelly runs for Governor, his team moves to keep his slow-witted and klutzy younger brother, Mike, out of the eye of the media. To baby-sit Mike, the campaign assigns sarcastic Steve, who gets the experience of a lifetime when he tries to take Mike out of town during the election.",['Comedy'],87,6.066,425,1.0367,1996-02-01,32400000,32000000,"['Chris Farley', 'David Spade', 'Tim Matheson', 'Gary Busey', 'Chris Owen', 'Bruce McGill', 'Boyd Banks', 'Grant Heslov', 'David St. James', 'Timothy Carhart']",['Penelope Spheeris'],['Lorne Michaels']
89,Nick of Time (1995),Nick of Time,1995,2086,Nick of Time,An ordinary man is suddenly forced into a plot to kill a politician in exchange for his kidnapped daughter's freedom.,"['Thriller', 'Crime', 'Action']",89,6.235,750,1.3183,1995-11-22,33000000,8175346,"['Johnny Depp', 'Courtney Chase', 'Charles S. Dutton', 'Christopher Walken', 'Roma Maffia', 'Peter Strauss', 'Gloria Reuben', 'Marsha Mason', 'Miguel Nájera', 'Bill Smitrovich']",['John Badham'],['John Badham']
92,Mary Reilly (1996),Mary Reilly,1996,9095,Mary Reilly,"A housemaid falls in love with Dr. Jekyll and his darkly mysterious counterpart, Mr. Hyde.","['Drama', 'Horror', 'Thriller']",104,5.791,327,1.0657,1996-02-23,47000000,12379402,"['Julia Roberts', 'John Malkovich', 'George Cole', 'Michael Gambon', 'Glenn Close', 'Kathy Staff', 'Michael Sheen', 'Bronagh Gallagher', 'Linda Bassett', 'Ciarán Hinds']",['Stephen Frears'],"['Norma Heyman', 'Nancy Graham Tanen', 'Ned Tanen']"
93,Vampire in Brooklyn (1995),Vampire in Brooklyn,1995,12158,Vampire in Brooklyn,"Detective Rita Veder is assigned to a baffling serial murder case. After examining the crime scene — a corpse-filled ship found adrift at sea — she meets Maximilian, a smooth-talking Caribbean playboy determined to romance her.","['Comedy', 'Horror', 'Romance', 'Fantasy']",102,5.089,598,0.813,1995-10-26,14000000,19800000,"['Angela Bassett', 'Eddie Murphy', 'Allen Payne', 'Kadeem Hardison', 'John Witherspoon', 'Zakes Mokae', 'Joanna Cassidy', 'Jerry Hall', 'Simbi Khali', 'Vickilyn Reynolds']",['Wes Craven'],"['Mark Lipsky', 'Eddie Murphy']"
94,Beautiful Girls (1996),Beautiful Girls,1996,9283,Beautiful Girls,"During a snowy winter in the small fictional town of Knight's Ridge, Massachusetts, a group of lifelong buddies hang out, drink and struggle to connect with the women who affect their decisions, dreams and desires.","['Comedy', 'Drama', 'Romance']",112,6.6,374,1.4017,1996-02-09,16000000,27000000,"['Timothy Hutton', 'Matt Dillon', 'Noah Emmerich', 'Annabeth Gish', 'Lauren Holly', 'Uma Thurman', 'Mira Sorvino', 'Michael Rapaport', ""Rosie O'Donnell"", 'Pruitt Taylor Vince']",['Ted Demme'],['Cary Woods']
95,Broken Arrow (1996),Broken Arrow,1996,9208,Broken Arrow,"When rogue stealth-fighter pilot Vic Deakins deliberately drops off the radar while on maneuvers, the Air Force ends up with two stolen nuclear warheads -- and Deakins's co-pilot, Riley Hale, is the military's only hope for getting them back. Traversing the deserted canyons of Utah, Hale teams with park ranger Terry Carmichael to put Deakins back in his box.","['Action', 'Thriller']",108,6.1,1577,2.2708,1996-02-09,50000000,150300000,"['John Travolta', 'Christian Slater', 'Samantha Mathis', 'Delroy Lindo', 'Frank Whaley', 'Bob Gunton', 'Howie Long', 'Jack Thompson', 'Kurtwood Smith', 'Vondie Curtis-Hall']",['John Woo'],"['Bill Badalato', 'Terence Chang', 'Mark Gordon']"
96,In the Bleak Midwinter (1995),In the Bleak Midwinter,1995,40154,In the Bleak Midwinter,"Out of work actor Joe volunteers to help try and save his sister's local church for the community by putting on a Christmas production of Hamlet, somewhat against the advice of his agent Margaretta. As the cast he assembles are still available even at Christmas and are prepared to do it on a 'profit sharing' basis (that is, they may not get paid anything) he cannot expect - and does not get - the cream of the cream. But although they all bring their own problems and foibles along, something bigger starts to emerge in the perhaps aptly named village of Hope.",['Comedy'],99,7.085,41,0.6553,1995-09-29,0,0,"['Michael Maloney', 'Richard Briers', 'Joan Collins', 'Nicholas Farrell', 'Julia Sawalha', 'Celia Imrie', 'John Sessions', 'Jennifer Saunders', 'Gerard Horan', 'Mark Hadfield']",['Kenneth Branagh'],['David Barron']
97,"Hate (Haine, La) (1995)","Hate (Haine, La)",1995,406,La Haine,"After a chaotic night of rioting in a marginal suburb of Paris, three young friends, Vinz, Hubert and Saïd, wander around unoccupied waiting for news about the state of health of a mutual friend who has been seriously injured when confronting the police.",['Drama'],98,8.085,4252,5.0168,1995-05-31,2600000,15300000,"['Vincent Cassel', 'Hubert Koundé', 'Saïd Taghmaoui', 'Abdel Ahmed Ghili', 'Solo', 'Joseph Momo', 'Héloïse Rauth', 'Rywka Wajsbrot', 'Olga Abrego', 'Laurent Labasse']",['Mathieu Kassovitz'],['Christophe Rossignon']
99,Heidi Fleiss: Hollywood Madam (1995),Heidi Fleiss: Hollywood Madam,1995,63076,Heidi Fleiss: Hollywood Madam,"A documentary crew from the BBC arrives in L.A. intent on interviewing Heidi Fleiss, a year after her arrest for running a brothel but before her trial. Several months elapse before the interview, so the crew searches for anyone who'll talk about the young woman. Two people have a lot to say to the camera: a retired madam named Alex for whom Fleiss once worked and Fleiss's one-time boyfriend, Ivan Nagy, who introduced her to Alex. Alex and Nagy don't like each other, so the crew shuttles between them with ""she said"" and ""he said."" When they finally interview Fleiss, they spend their time reciting what Alex and Nagy have had to say and asking her reaction.",['Documentary'],106,6.6,14,0.1726,1995-12-27,0,0,"['Nick Broomfield', 'Heidi Fleiss', 'Madam Alex', 'Ivan Nagy', 'Corinne Bohrer', 'Ron Jeremy', 'Daryl Gates', 'Nina Xining Zuo', 'Victoria Sellers', 'Mike Brambles']",['Nick Broomfield'],['Nick Broomfield']
100,City Hall (1996),City Hall,1996,11062,City Hall,"The accidental shooting of a boy in New York City leads to an investigation by the Deputy Mayor, and unexpectedly far-reaching consequences.","['Drama', 'Thriller']",111,5.9,297,1.0004,1996-02-16,40000000,33440204,"['Al Pacino', 'John Cusack', 'Bridget Fonda', 'Danny Aiello', 'Martin Landau', 'David Paymer', 'Anthony Franciosa', 'Lindsay Duncan', 'Luna Lauren Velez', 'Richard Schiff']",['Harold Becker'],"['Harold Becker', 'Edward R. Pressman', 'Ken Lipper', 'Charles Mulvehill']"
101,Bottle Rocket (1996),Bottle Rocket,1996,13685,Bottle Rocket,"Upon his release from a mental hospital following a nervous breakdown, the directionless Anthony joins his friend Dignan, who seems far less sane than the former. Dignan has hatched a harebrained scheme for an as-yet-unspecified crime spree that somehow involves his former boss, the (supposedly) legendary Mr. Henry.","['Comedy', 'Crime', 'Drama']",91,6.688,1101,1.3218,1996-02-21,7000000,1040879,"['Luke Wilson', 'Owen Wilson', 'Robert Musgrave', 'Lumi Cavazos', 'James Caan', 'Andrew Wilson', 'Teddy Wilson', 'Donny Caicedo', 'Ned Dowd', 'Jenni Tooley']",['Wes Anderson'],"['Cynthia Hargrave', 'Polly Platt']"
102,Mr. Wrong (1996),Mr. Wrong,1996,47475,Mr. Wrong,"A single and lonely woman finds the seemingly perfect man to date, but soon regrets it when his deranged and possessive other personality emerges and worst still, she cannot convince anyone else of his Jekyll/Hyde true nature.","['Comedy', 'Romance']",96,3.9,60,0.5262,1996-02-16,0,0,"['Ellen DeGeneres', 'Bill Pullman', 'Joan Cusack', 'Dean Stockwell', 'Joan Plowright', 'John Livingston', 'Robert Goulet', 'Ellen Cleghorne', 'Hope Davis', 'Christine Cattell']",['Nick Castle'],['Marty Katz']
103,Unforgettable (1996),Unforgettable,1996,2045,Unforgettable,"Seattle medical examiner David Krane is obsessed with solving his wife's murder. A possible solution presents itself in an experimental ""memory"" serum designed by a neurobiology professor, which has the ability to transfer memories from one person to another, but with potentially fatal consequences.","['Thriller', 'Mystery', 'Science Fiction']",116,5.6,107,0.6302,1996-02-23,18000000,0,"['Ray Liotta', 'Linda Fiorentino', 'Peter Coyote', 'Christopher McDonald', 'David Paymer', 'Duncan Fraser', 'Kim Coates', 'Kim Cattrall', 'Colleen Rennison', 'Caroline Elliott']",['John Dahl'],"['Dino De Laurentiis', 'Martha De Laurentiis']"
104,Happy Gilmore (1996),Happy Gilmore,1996,9614,Happy Gilmore,"Failed hockey player-turned-golf whiz Happy Gilmore — whose unconventional approach and antics on the green courts the ire of rival Shooter McGavin — is determined to win a PGA tournament so he can save his granny's house with the prize money. Meanwhile, an attractive tour publicist tries to soften Happy's image.",['Comedy'],92,6.7,2909,90.1509,1996-02-16,12000000,41422354,"['Adam Sandler', 'Christopher McDonald', 'Julie Bowen', 'Frances Bay', 'Carl Weathers', 'Allen Covert', 'Robert Smigel', 'Bob Barker', 'Richard Kiel', 'Dennis Dugan']",['Dennis Dugan'],['Robert Simonds']
105,"Bridges of Madison County, The (1995)","Bridges of Madison County, The",1995,688,The Bridges of Madison County,Photographer Robert Kincaid wanders into the life of housewife Francesca Johnson for four days in the 1960s.,"['Drama', 'Romance']",135,7.718,2237,4.3222,1995-06-02,24000000,182000000,"['Meryl Streep', 'Clint Eastwood', 'Annie Corley', 'Victor Slezak', 'Jim Haynie', 'Sarah Zahn', 'Christopher Kroon', 'Phyllis Lyons', 'Debra Monk', 'Richard Lage']",['Clint Eastwood'],"['Clint Eastwood', 'Kathleen Kennedy', 'Michael Maurer', 'Tom Rooker']"
106,Nobody Loves Me (Keiner liebt mich) (1994),Nobody Loves Me (Keiner liebt mich),1994,11907,Nobody Loves Me,"On the brink of her 30th birthday, Fanny feels the door to marital happiness closing on her. She is obsessed with death and even visits evening classes on dying, so it seems fitting that she encounters a skeleton in the malfunctioning elevator of her apartment building. The skeleton is her neighbour Orfeo, a Black, gay, self-declared psychic, who convinces her that she is about to meet ""him"". But is it really Lothar, the new yuppie apartment manager ...?","['Drama', 'Comedy', 'Family']",104,6.3,34,0.2516,1994-11-07,0,0,"['Maria Schrader', 'Pierre Sanoussi-Bliss', 'Michael von Au', 'Elisabeth Trissenaar', 'Joachim Król', 'Ingo Naujoks', 'Peggy Parnass', 'Oliver Nägele', 'Ömer Simsek']",['Doris Dörrie'],"['Gerd Huber', 'Renate Seefeldt']"
107,Muppet Treasure Island (1996),Muppet Treasure Island,1996,698609,Muppet Sing Alongs: Muppet Treasure Island,"Muppet Sing Alongs: Muppet Treasure Island is a 1996 video produced just before the release of the feature film Muppet Treasure Island. Kermit is joined by Polly Lobster, Clueless Morgan, Mad Monty and the other pirates from Muppet Treasure Island in this half hour of pirate songs.","['Family', 'Music']",28,6.0,1,0.1118,1996-02-14,0,0,"['Jerry Nelson', 'Kevin Clash', 'Bill Barretta', 'Camille Bonora', 'Steve Whitmire', 'Martin P. Robinson', 'Peter Linz', 'Joey Mazzarino', 'Carmen Osbahr', 'Dave Goelz']",['David Gumpel'],['Pat Nugent']
108,Catwalk (1996),Catwalk,1996,89333,Catwalk,"A documentary following Christy Turlington and other models during spring fashion week in Milan, Paris and New York.",['Documentary'],95,7.5,8,0.3436,1995-12-08,0,0,"['Christy Turlington', 'Azzedine Alaïa', 'Giorgio Armani', 'Nadja Auermann', 'Sandra Bernhard', 'Kate Betts', 'Brandi', 'Carla Bruni', 'Naomi Campbell', 'Nino Cerruti']",['Robert Leacock'],[]
110,Braveheart (1995),Braveheart,1995,197,Braveheart,"Enraged at the slaughter of Murron, his new bride and childhood love, Scottish warrior William Wallace slays a platoon of the local English lord's soldiers. This leads the village to revolt and, eventually, the entire country to rise up against English rule.","['Action', 'Drama', 'History', 'War']",177,7.944,10505,12.9577,1995-05-24,72000000,213216216,"['Mel Gibson', 'Catherine McCormack', 'Sophie Marceau', 'Patrick McGoohan', 'Angus Macfadyen', 'Brendan Gleeson', 'James Robinson', 'James Cosmo', 'Sean McGinley', 'Gerda Stevenson']",['Mel Gibson'],"['Mel Gibson', 'Alan Ladd Jr.', 'Bruce Davey']"
111,Taxi Driver (1976),Taxi Driver,1976,103,Taxi Driver,A mentally unstable Vietnam War veteran works as a night-time taxi driver in New York City where the perceived decadence and sleaze feed his urge for violent action.,"['Crime', 'Drama']",114,8.135,12770,9.6047,1976-02-09,1900000,28579636,"['Robert De Niro', 'Jodie Foster', 'Cybill Shepherd', 'Harvey Keitel', 'Peter Boyle', 'Leonard Harris', 'Albert Brooks', 'Diahnne Abbott', 'Frank Adu', 'Victor Argo']",['Martin Scorsese'],"['Julia Phillips', 'Michael Phillips']"
